{
  "name": "BM25 baseline",
  "mrr_at_10": 0.13640736571610537,
  "recall_at_100": 0.5180515759312321,
  "avg_latency_ms": 94.5801538052331
}