{
  "name": "Pipeline B: Cross-Encoder",
  "mrr_at_10": 0.292835539182243,
  "recall_at_100": 0.49169054441260746,
  "avg_latency_ms": 666.8450738105224
}