{
  "name": "RRF: BM25 + Fine-tuned",
  "mrr_at_10": 0.20104846045390404,
  "recall_at_100": 0.6965616045845272,
  "avg_latency_ms": 111.44942882761659
}