{
  "name": "RRF: BM25 + Pretrained",
  "mrr_at_10": 0.23057784145176602,
  "recall_at_100": 0.8027220630372492,
  "avg_latency_ms": 81.68348016578939
}